product_category_name,macro_category
cama_mesa_banho,home_and_decoration
moveis_decoracao,home_and_decoration
utilidades_domesticas,home_and_decoration
moveis_escritorio,home_and_decoration
moveis_sala,home_and_decoration
moveis_quarto,home_and_decoration
moveis_cozinha_area_de_servico_jantar_e_jardim,home_and_decoration
moveis_colchao_e_estofado,home_and_decoration
casa_conforto,home_and_decoration
la_cuisine,home_and_decoration
flores,home_and_decoration
esporte_lazer,sports_and_leisure
cool_stuff,sports_and_leisure
brinquedos,kids_and_baby
bebes,kids_and_baby
fraldas_higiene,kids_and_baby
livros_interesse_geral,books_hobbies_and_media
livros_tecnicos,books_hobbies_and_media
artes,books_hobbies_and_media
dvds_blu_ray,books_hobbies_and_media
livros_importados,books_hobbies_and_media
musica,books_hobbies_and_media
artes_e_artesanato,books_hobbies_and_media
cds_dvds_musicais,books_hobbies_and_media
beleza_saude,beauty_fashion_and_accessories
relogios_presentes,beauty_fashion_and_accessories
perfumaria,beauty_fashion_and_accessories
fashion_bolsas_e_acessorios,beauty_fashion_and_accessories
malas_acessorios,beauty_fashion_and_accessories
fashion_calcados,beauty_fashion_and_accessories
fashion_roupa_masculina,beauty_fashion_and_accessories
fashion_underwear_e_moda_praia,beauty_fashion_and_accessories
fashion_roupa_feminina,beauty_fashion_and_accessories
fashion_esporte,beauty_fashion_and_accessories
fashion_roupa_infanto_juvenil,beauty_fashion_and_accessories
informatica_acessorios,technology_and_electronics
telefonia,technology_and_electronics
eletronicos,technology_and_electronics
eletrodomesticos,technology_and_electronics
consoles_games,technology_and_electronics
instrumentos_musicais,technology_and_electronics
eletroportateis,technology_and_electronics
climatizacao,technology_and_electronics
telefonia_fixa,technology_and_electronics
audio,technology_and_electronics
pcs,technology_and_electronics
portateis_casa_forno_e_cafe,technology_and_electronics
cine_foto,technology_and_electronics
portateis_cozinha_e_preparadores_de_alimentos,technology_and_electronics
tablets_impressao_imagem,technology_and_electronics
pc_gamer,technology_and_electronics
automotivo,automotive_and_industry
agro_industria_e_comercio,automotive_and_industry
industria_comercio_e_negocios,automotive_and_industry
ferramentas_jardim,construction_and_tools
construcao_ferramentas_construcao,construction_and_tools
casa_construcao,construction_and_tools
sinalizacao_e_seguranca,construction_and_tools
construcao_ferramentas_seguranca,construction_and_tools
construcao_ferramentas_jardim,construction_and_tools
construcao_ferramentas_iluminacao,construction_and_tools
construcao_ferramentas_ferramentas,construction_and_tools
pet_shop,food_and_pet_shop
alimentos_bebidas,food_and_pet_shop
alimentos,food_and_pet_shop
bebidas,food_and_pet_shop
papelaria,others_and_services
market_place,others_and_services
artigos_de_natal,others_and_services
artigos_de_festas,others_and_services
seguros_e_servicos,others_and_services
Unknown,unknown